{
    "format_version": "1.10.0",
    "minecraft:client_entity": {
        "description": {
            "identifier": "sample:wildfire",
            "materials": {
                "default": "entity"
            },
            "textures": {
                "default": "textures/entity/wildfire"
            },
            "geometry": {
                "default": "geometry.wildfire"
            },
            "render_controllers": [
                "controller.render.default"
            ],
            "spawn_egg": {
                "base_color": "#505152",
                "overlay_color": "#3b9dff"
            }
        }
    }
}