[
    {
        "flipbook_texture": "textures/blocks/soul_campfire.png",
        "atlas_tile": "soul_campfire",
        "ticks_per_frame": 2
    },
    {
        "flipbook_texture": "textures/blocks/kelp_plant.png",
        "atlas_tile": "kelp_plant",
        "ticks_per_frame": 2
    },
    {
        "flipbook_texture": "textures/blocks/lantern.png",
        "atlas_tile": "lantern",
        "ticks_per_frame": 8
    },
    {
        "flipbook_texture": "textures/blocks/prismarine_rough.png",
        "atlas_tile": "prismarine_rough",
        "ticks_per_frame": 300,
        "blend_frames": true,
        "frames": [
            0,
            1,
            0,
            2,
            0,
            3,
            0,
            1,
            2,
            1,
            3,
            1,
            0,
            2,
            1,
            2,
            3,
            2,
            0,
            3,
            1,
            3
        ]
    },
    {
        "flipbook_texture": "textures/blocks/seagrass_doubletall_bottom_a.png",
        "atlas_tile": "seagrass_doubletall_bottom_a",
        "ticks_per_frame": 2
    },
    {
        "flipbook_texture": "textures/blocks/smoker_front_on.png",
        "atlas_tile": "smoker_front_on",
        "ticks_per_frame": 4
    },
    {
        "flipbook_texture": "textures/blocks/campfire_log_lit.png",
        "atlas_tile": "campfire_log_lit",
        "ticks_per_frame": 20,
        "blend_frames": true
    },
    {
        "flipbook_texture": "textures/blocks/lava_still.png",
        "atlas_tile": "lava_still",
        "ticks_per_frame": 2,
        "frames": [
            0,
            1,
            2,
            3,
            4,
            5,
            6,
            7,
            8,
            9,
            10,
            11,
            12,
            13,
            14,
            15,
            16,
            17,
            18,
            19,
            18,
            17,
            16,
            15,
            14,
            13,
            12,
            11,
            10,
            9,
            8,
            7,
            6,
            5,
            4,
            3,
            2,
            1
        ]
    },
    {
        "flipbook_texture": "textures/blocks/huge_fungus/warped_stem_side.png",
        "atlas_tile": "warped_stem_side",
        "ticks_per_frame": 10,
        "blend_frames": true
    },
    {
        "flipbook_texture": "textures/blocks/huge_fungus/crimson_log_side.png",
        "atlas_tile": "crimson_log_side",
        "ticks_per_frame": 10,
        "blend_frames": true
    },
    {
        "flipbook_texture": "textures/blocks/soul_fire_1.png",
        "atlas_tile": "soul_fire_1",
        "ticks_per_frame": 1
    },
    {
        "flipbook_texture": "textures/blocks/soul_lantern.png",
        "atlas_tile": "soul_lantern",
        "ticks_per_frame": 8
    },
    {
        "flipbook_texture": "textures/blocks/kelp.png",
        "atlas_tile": "kelp",
        "ticks_per_frame": 2
    },
    {
        "flipbook_texture": "textures/blocks/stonecutter2_saw.png",
        "atlas_tile": "stonecutter2_saw",
        "ticks_per_frame": 1
    },
    {
        "flipbook_texture": "textures/blocks/soul_campfire_log_lit.png",
        "atlas_tile": "soul_campfire_log_lit",
        "ticks_per_frame": 20,
        "blend_frames": true
    },
    {
        "flipbook_texture": "textures/blocks/lava_flow.png",
        "atlas_tile": "lava_flow",
        "ticks_per_frame": 3
    },
    {
        "flipbook_texture": "textures/blocks/soul_fire_0.png",
        "atlas_tile": "soul_fire_0",
        "ticks_per_frame": 1,
        "frames": [
            16,
            17,
            18,
            19,
            20,
            21,
            22,
            23,
            24,
            25,
            26,
            27,
            28,
            29,
            30,
            31,
            0,
            1,
            2,
            3,
            4,
            5,
            6,
            7,
            8,
            9,
            10,
            11,
            12,
            13,
            14,
            15
        ]
    },
    {
        "flipbook_texture": "textures/blocks/water_flow_grey.png",
        "atlas_tile": "water_flow_grey",
        "ticks_per_frame": 1
    },
    {
        "flipbook_texture": "textures/blocks/magma.png",
        "atlas_tile": "magma",
        "ticks_per_frame": 8,
        "blend_frames": true,
        "frames": [
            0,
            1,
            2
        ]
    },
    {
        "flipbook_texture": "textures/blocks/blast_furnace_front_on.png",
        "atlas_tile": "blast_furnace_front_on",
        "ticks_per_frame": 10,
        "blend_frames": true
    },
    {
        "flipbook_texture": "textures/blocks/seagrass_doubletall_top_a.png",
        "atlas_tile": "seagrass_doubletall_top_a",
        "ticks_per_frame": 2
    },
    {
        "flipbook_texture": "textures/blocks/seagrass.png",
        "atlas_tile": "seagrass",
        "ticks_per_frame": 2
    },
    {
        "flipbook_texture": "textures/blocks/respawn_anchor_top.png",
        "atlas_tile": "respawn_anchor_top",
        "ticks_per_frame": 1
    },
    {
        "flipbook_texture": "textures/blocks/portal.png",
        "atlas_tile": "portal",
        "ticks_per_frame": 1
    },
    {
        "flipbook_texture": "textures/blocks/fire_0.png",
        "atlas_tile": "fire_0",
        "ticks_per_frame": 1,
        "frames": [
            16,
            17,
            18,
            19,
            20,
            21,
            22,
            23,
            24,
            25,
            26,
            27,
            28,
            29,
            30,
            31,
            0,
            1,
            2,
            3,
            4,
            5,
            6,
            7,
            8,
            9,
            10,
            11,
            12,
            13,
            14,
            15
        ]
    },
    {
        "flipbook_texture": "textures/blocks/water_still_grey.png",
        "atlas_tile": "water_still_grey",
        "ticks_per_frame": 2
    },
    {
        "flipbook_texture": "textures/blocks/campfire.png",
        "atlas_tile": "campfire",
        "ticks_per_frame": 2
    },
    {
        "flipbook_texture": "textures/blocks/fire_1.png",
        "atlas_tile": "fire_1",
        "ticks_per_frame": 1
    }
]