{
	"resource_pack_name": "Copper Tools & Armor",
	"texture_name": "atlas.items",
	"texture_data": {
		"bridge_copper_sword": {
			"textures": "textures/items/copper_sword"
		},
		"bridge_copper_shovel": {
			"textures": "textures/items/copper_shovel"
		},
		"bridge_copper_pickaxe": {
			"textures": "textures/items/copper_pickaxe"
		},
		"bridge_copper_hoe": {
			"textures": "textures/items/copper_hoe"
		},
		"bridge_copper_axe": {
			"textures": "textures/items/copper_axe"
		},
		"bridge_copper_helmet": {
			"textures": "textures/items/copper_helmet"
		},
		"bridge_copper_chestplate": {
			"textures": "textures/items/copper_chestplate"
		},
		"bridge_copper_leggings": {
			"textures": "textures/items/copper_leggings"
		},
		"bridge_copper_boots": {
			"textures": "textures/items/copper_boots"
		}
	}
}