{
	"format_version": "1.12.0",
	"minecraft:geometry": [
		{
			"description": {
				"identifier": "geometry.unknown",
				"texture_width": 64,
				"texture_height": 64,
				"visible_bounds_width": 2,
				"visible_bounds_height": 2.5,
				"visible_bounds_offset": [0, 0.75, 0]
			},
			"bones": [
				{
					"name": "bb_main",
					"pivot": [0, 0, 0],
					"cubes": [
						{"origin": [-5, 1, -1], "size": [12, 20, 2], "uv": [36, 0]},
						{"origin": [-8, 0, -1], "size": [3, 22, 2], "uv": [36, 22]},
						{"origin": [-8, 0, 1], "size": [16, 22, 2], "uv": [0, 24]},
						{"origin": [-8, 0, -3], "size": [16, 22, 2], "uv": [0, 0]}
					]
				}
			]
		}
	]
}