{ 
  "resource_pack_name": "custom_block_resource_pack", 
  "texture_name": "atlas.terrain", 
  "padding": 8, 
  "num_mip_levels": 4, 
  "texture_data": { 
    "die_1": { 
      "textures": "textures/blocks/oak_log_top" 
    }, 
    "die_2": { 
      "textures": "textures/blocks/oak_log_top" 
    }, 
    "die_3": { 
      "textures": "textures/blocks/oak_log" 
    }, 
    "die_4": { 
      "textures": "textures/blocks/oak_log" 
    }, 
    "die_5": { 
      "textures": "textures/blocks/oak_log" 
    }, 
    "die_6": { 
      "textures": "textures/blocks/oak_log" 
    }, 
    "die_red": { 
      "textures": "textures/blocks/netherrack" 
    } 
  } 
}