{
	"format_version": "1.12.0",
	"minecraft:geometry": [
		{
			"description": {
				"identifier": "geometry.unknown",
				"texture_width": 64,
				"texture_height": 64,
				"visible_bounds_width": 2,
				"visible_bounds_height": 2.5,
				"visible_bounds_offset": [0, 0.75, 0]
			},
			"bones": [
				{
					"name": "bb_main",
					"pivot": [0, 0, 0],
					"cubes": [
						{"origin": [-4, 3, -3], "size": [12, 5, 6], "uv": [0, 0]},
						{"origin": [5, 0, 1], "size": [2, 3, 2], "uv": [8, 19]},
						{"origin": [5, 0, -3], "size": [2, 3, 2], "uv": [0, 19]},
						{"origin": [-3, 0, 1], "size": [2, 3, 2], "uv": [16, 16]},
						{"origin": [-3, 0, -3], "size": [2, 3, 2], "uv": [16, 11]},
						{"origin": [-6, 6, -2], "size": [4, 4, 4], "uv": [0, 11]},
						{"origin": [-7, 6, -1], "size": [1, 2, 2], "uv": [0, 0]}
					]
				}
			]
		}
	]
}