{
"format_version": "1.17",
"minecraft:recipe_shaped": {
    "description": {
        "identifier": "minecraft:acacia_boat"
        },
    "tags": [ "crafting_table" ],
    "pattern": [
        "#P#",
        "P#P",
        "#P#
        ],
    "key": {
        "P": {
            "item": "minecraft:bed"
        },
        "#": {
            "item": "minecraft:cobblestone",
            "data": 4
        }
    },
    "result": {
        "item": "minecraft:bedrock",
        "data": 4
        }
    }
}