{
	"format_version": "1.16.100",
	"minecraft:item": {
		"description": {
			"identifier": "bridge:copper_leggings",
			"category": "equipment"
		},
		"components": {
			"minecraft:max_stack_size": 1,
			"minecraft:enchantable": {
				"value": 10,
				"slot": "armor_legs"
			},
			"minecraft:repairable": {
				"repair_items": [
					{
						"items": [
							"bridge:copper_leggings",
							"minecraft:copper_ingot"
						],
						"repair_amount": "query.max_durability"
					}
				]
			},
			"minecraft:durability": {
				"max_durability": 168,
				"damage_chance": {
					"min": 60,
					"max": 100
				},
				"repair_items": {}
			},
			"minecraft:armor": {
				"protection": 2
			},
			"minecraft:icon": {
				"texture": "bridge_copper_leggings"
			},
			"minecraft:wearable": {
				"slot": "slot.armor.legs"
			},
			"minecraft:creative_category": {
				"parent": "itemGroup.name.leggings"
			},
			"minecraft:display_name": {
				"value": "Copper Leggings"
			}
		},
		"events": {}
	}
}