{
	"format_version": "1.16.100",
	"minecraft:item": {
		"description": {
			"identifier": "bridge:copper_axe",
			"category": "equipment"
		},
		"components": {
			"minecraft:max_stack_size": 1,
			"minecraft:hand_equipped": true,
			"minecraft:durability": {
				"max_durability": 196,
				"damage_chance": {
					"min": 60,
					"max": 100
				}
			},
			"minecraft:mining_speed": 1,
			"minecraft:damage": 4,
			"minecraft:enchantable": {
				"value": 6,
				"slot": "axe"
			},
			"minecraft:repairable": {
				"repair_items": [
					{
						"items": [
							"bridge:copper_axe",
							"minecraft:copper_ingot"
						],
						"repair_amount": "query.max_durability"
					}
				]
			},
			"tag:minecraft:is_axe": {},
			"minecraft:icon": {
				"texture": "bridge_copper_axe"
			},
			"minecraft:display_name": {
				"value": "Copper Axe"
			},
			"minecraft:weapon": {
				"on_hurt_entity": {
					"event": "dmg"
				},
				"on_not_hurt_entity": {
					"event": "dmg"
				},
				"on_hit_block": {
					"event": "dmg"
				}
			},
			"minecraft:creative_category": {
				"parent": "itemGroup.name.axe"
			},
			"minecraft:digger": {
				"use_efficiency": true,
				"destroy_speeds": [
					{
						"block": {
							"tags": "q.any_tag('wood', 'pumpkin', 'plant')"
						},
						"speed": 5,
						"on_dig": {
							"event": "dmg"
						}
					},
					{
						"block": "minecraft:chest",
						"speed": 5,
						"on_dig": {
							"event": "dmg"
						}
					},
					{
						"block": "minecraft:bookshelf",
						"speed": 5,
						"on_dig": {
							"event": "dmg"
						}
					},
					{
						"block": "minecraft:melon_block",
						"speed": 5,
						"on_dig": {
							"event": "dmg"
						}
					},
					{
						"block": "minecraft:warped_stem",
						"speed": 5,
						"on_dig": {
							"event": "dmg"
						}
					},
					{
						"block": "minecraft:crimson_stem",
						"speed": 5,
						"on_dig": {
							"event": "dmg"
						}
					},
					{
						"block": "minecraft:warped_stem",
						"speed": 5,
						"on_dig": {
							"event": "dmg"
						}
					},
					{
						"block": "minecraft:crimson_stem",
						"speed": 5,
						"on_dig": {
							"event": "dmg"
						}
					},
					{
						"block": "minecraft:crafting_table",
						"speed": 5,
						"on_dig": {
							"event": "dmg"
						}
					},
					{
						"block": "minecraft:crimson_planks",
						"speed": 5,
						"on_dig": {
							"event": "dmg"
						}
					},
					{
						"block": "minecraft:warped_planks",
						"speed": 5,
						"on_dig": {
							"event": "dmg"
						}
					},
					{
						"block": "minecraft:warped_stairs",
						"speed": 5,
						"on_dig": {
							"event": "dmg"
						}
					},
					{
						"block": "minecraft:warped_trapdoor",
						"speed": 5,
						"on_dig": {
							"event": "dmg"
						}
					},
					{
						"block": "minecraft:crimson_stairs",
						"speed": 5,
						"on_dig": {
							"event": "dmg"
						}
					},
					{
						"block": "minecraft:crimson_trapdoor",
						"speed": 5,
						"on_dig": {
							"event": "dmg"
						}
					},
					{
						"block": "minecraft:crimson_door",
						"speed": 5,
						"on_dig": {
							"event": "dmg"
						}
					},
					{
						"block": "minecraft:crimson_double_slab",
						"speed": 5,
						"on_dig": {
							"event": "dmg"
						}
					},
					{
						"block": "minecraft:warped_door",
						"speed": 5,
						"on_dig": {
							"event": "dmg"
						}
					},
					{
						"block": "minecraft:warped_double_slab",
						"speed": 5,
						"on_dig": {
							"event": "dmg"
						}
					},
					{
						"block": "minecraft:crafting_table",
						"speed": 5,
						"on_dig": {
							"event": "dmg"
						}
					}
				],
				"on_dig": {
					"event": "dmg"
				}
			}
		},
		"events": {
			"dmg": {
				"damage": {
					"type": "none",
					"amount": 1,
					"target": "self"
				}
			},
			"on_tool_used": {
				"swing": {},
				"damage": {
					"type": "durability",
					"amount": 1,
					"target": "self"
				}
			},
			"effect": {
				"sequence": [
					{
						"damage": {
							"type": "none",
							"amount": 1,
							"target": "self"
						}
					},
					{}
				]
			}
		}
	}
}