{
	"format_version": "1.16.100",
	"minecraft:item": {
		"description": {
			"identifier": "bridge:copper_shovel",
			"category": "equipment"
		},
		"components": {
			"minecraft:max_stack_size": 1,
			"minecraft:hand_equipped": true,
			"minecraft:durability": {
				"max_durability": 196,
				"damage_chance": {
					"min": 60,
					"max": 100
				}
			},
			"minecraft:mining_speed": 1,
			"minecraft:damage": 3,
			"minecraft:enchantable": {
				"value": 6,
				"slot": "shovel"
			},
			"minecraft:repairable": {
				"repair_items": [
					{
						"items": [
							"bridge:copper_shovel",
							"minecraft:copper_ingot"
						],
						"repair_amount": "query.max_durability"
					}
				]
			},
			"minecraft:digger": {
				"use_efficiency": true,
				"destroy_speeds": [
					{
						"block": {
							"tags": "q.any_tag('dirt', 'sand', 'gravel', 'grass', 'snow')"
						},
						"speed": 5,
						"on_dig": {
							"event": "dmg"
						}
					},
					{
						"block": "minecraft:soul_sand",
						"speed": 5,
						"on_dig": {
							"event": "dmg"
						}
					},
					{
						"block": "minecraft:soul_soil",
						"speed": 5,
						"on_dig": {
							"event": "dmg"
						}
					}
				],
				"on_dig": {
					"event": "dmg"
				}
			},
			"tag:minecraft:is_shovel": {},
			"minecraft:icon": {
				"texture": "bridge_copper_shovel"
			},
			"minecraft:weapon": {
				"on_hurt_entity": {
					"event": "dmg"
				},
				"on_not_hurt_entity": {
					"event": "dmg"
				},
				"on_hit_block": {
					"event": "dmg"
				}
			},
			"minecraft:display_name": {
				"value": "Copper Shovel"
			},
			"minecraft:creative_category": {
				"parent": "itemGroup.name.shovel"
			}
		},
		"events": {
			"dmg": {
				"damage": {
					"type": "none",
					"amount": 1,
					"target": "self"
				}
			},
			"on_tool_used": {
				"swing": {},
				"damage": {
					"type": "override",
					"amount": 1,
					"target": "self"
				}
			},
			"effect": {
				"sequence": [
					{
						"damage": {
							"type": "none",
							"amount": 1,
							"target": "self"
						}
					},
					{
						"add_mob_effect": {
							"target": "other",
							"duration": 25,
							"amplifier": 1,
							"effect": "nausea"
						}
					}
				]
			}
		}
	}
}