{
	"format_version": "1.12.0",
	"minecraft:geometry": [
		{
			"description": {
				"identifier": "geometry.unknown",
				"texture_width": 64,
				"texture_height": 64,
				"visible_bounds_width": 3,
				"visible_bounds_height": 2.5,
				"visible_bounds_offset": [0, 0.75, 0]
			},
			"bones": [
				{
					"name": "bb_main",
					"pivot": [0, 0, 0],
					"cubes": [
						{"origin": [-2, 2, -2], "size": [4, 10, 4], "uv": [0, 12]},
						{"origin": [-3, 13, -3], "size": [6, 6, 6], "uv": [0, 0]},
						{"origin": [-2, 17, -4], "size": [4, 2, 1], "uv": [30, 30]},
						{"origin": [-3, 12, -4], "size": [1, 8, 1], "uv": [30, 21]},
						{"origin": [2, 12, -4], "size": [1, 8, 1], "uv": [30, 12]},
						{"origin": [-2, 12, -4], "size": [1, 4, 1], "uv": [18, 0]},
						{"origin": [1, 12, -4], "size": [1, 4, 1], "uv": [0, 0]},
						{"origin": [-1, 19, -4], "size": [2, 1, 1], "uv": [33, 20]},
						{"origin": [-3, -2, -10], "size": [6, 11, 1], "pivot": [0, 0, 0], "rotation": [-25, 0, 0], "uv": [0, 26]},
						{"origin": [-3, -2, 9], "size": [6, 11, 1], "pivot": [0, 0, 0], "rotation": [25, 0, 0], "uv": [16, 12]},
						{"origin": [-3, -2, 9], "size": [6, 11, 1], "pivot": [0, 0, 0], "rotation": [0, -90, 25], "uv": [16, 24]},
						{"origin": [-3, -2, -10], "size": [6, 11, 1], "pivot": [0, 0, 0], "rotation": [0, -90, -25], "uv": [24, 0]}
					]
				}
			]
		}
	]
}