{
	"format_version": "1.16.100",
	"minecraft:item": {
		"description": {
			"identifier": "bridge:copper_sword",
			"category": "equipment"
		},
		"components": {
			"minecraft:max_stack_size": 1,
			"minecraft:hand_equipped": true,
			"minecraft:durability": {
				"max_durability": 196,
				"damage_chance": {
					"min": 60,
					"max": 100
				}
			},
			"minecraft:mining_speed": 1.5,
			"minecraft:damage": 20,
			"minecraft:enchantable": {
				"value": 6,
				"slot": "sword"
			},
			"minecraft:repairable": {
				"repair_items": [
					{
						"items": [
							"bridge:copper_sword",
							"demo:hardened_steel"
						],
						"repair_amount": "query.max_durability"
					}
				]
			},
			"minecraft:can_destroy_in_creative": false,
			"minecraft:digger": {
				"use_efficiency": false,
				"destroy_speeds": [
					{
						"block": "minecraft:web",
						"speed": 5,
						"on_dig": {
							"event": "dmg"
						}
					},
					{
						"block": "minecraft:bamboo",
						"speed": 5,
						"on_dig": {
							"event": "dmg"
						}
					}
				],
				"on_dig": {
					"event": "dmg"
				}
			},
			"minecraft:icon": {
				"texture": "bridge_copper_sword",
				"frame": "query.texture_frame_index"
			},
			"minecraft:display_name": {
				"value": "Iron Rod"
			},
			"minecraft:weapon": {
				"on_hurt_entity": {
					"event": "dmg"
				},
				"on_not_hurt_entity": {
					"event": "dmg"
				},
				"on_hit_block": {
					"event": "dmg"
				}
			},
			"minecraft:creative_category": {
				"parent": "itemGroup.name.sword"
			}
		},
		"events": {
			"dmg": {
				"damage": {
					"type": "none",
					"amount": 1,
					"target": "self"
				}
			}
		}
	}
}