{
	"format_version": "1.16.100",
	"minecraft:item": {
		"description": {
			"identifier": "bridge:copper_hoe",
			"category": "equipment"
		},
		"components": {
			"minecraft:max_stack_size": 1,
			"minecraft:hand_equipped": true,
			"minecraft:durability": {
				"max_durability": 196,
				"damage_chance": {
					"min": 60,
					"max": 100
				}
			},
			"minecraft:mining_speed": 5,
			"minecraft:damage": 3,
			"minecraft:enchantable": {
				"value": 6,
				"slot": "hoe"
			},
			"minecraft:repairable": {
				"repair_items": [
					{
						"items": [
							"bridge:copper_hoe",
							"minecraft:copper_ingot"
						],
						"repair_amount": "query.max_durability"
					}
				]
			},
			"minecraft:use_on": {
				"blocks": [
					"grass",
					"dirt",
					"grass_path"
				]
			},
			"tag:minecraft:is_hoe": {},
			"minecraft:display_name": {
				"value": "Copper Hoe"
			},
			"minecraft:icon": {
				"texture": "bridge_copper_hoe"
			},
			"minecraft:weapon": {
				"on_hurt_entity": {
					"event": "dmg"
				},
				"on_not_hurt_entity": {
					"event": "dmg"
				},
				"on_hit_block": {
					"event": "dmg"
				}
			},
			"minecraft:creative_category": {
				"parent": "itemGroup.name.hoe"
			},
			"minecraft:digger": {
				"use_efficiency": true,
				"destroy_speeds": [
					{
						"block": "minecraft:nether_wart_block",
						"speed": 5,
						"on_dig": {
							"event": "dmg"
						}
					},
					{
						"block": "minecraft:hay_block",
						"speed": 5,
						"on_dig": {
							"event": "dmg"
						}
					},
					{
						"block": "minecraft:target",
						"speed": 5,
						"on_dig": {
							"event": "dmg"
						}
					},
					{
						"block": "minecraft:leaves",
						"speed": 5,
						"on_dig": {
							"event": "dmg"
						}
					},
					{
						"block": "minecraft:shroomlight",
						"speed": 5,
						"on_dig": {
							"event": "dmg"
						}
					},
					{
						"block": "minecraft:leaves2",
						"speed": 5,
						"on_dig": {
							"event": "dmg"
						}
					},
					{
						"block": "minecraft:warped_wart_block",
						"speed": 5,
						"on_dig": {
							"event": "dmg"
						}
					}
				],
				"on_dig": {
					"event": "dmg"
				}
			}
		},
		"events": {
			"dmg": {
				"damage": {
					"type": "none",
					"amount": 1,
					"target": "self"
				}
			},
			"on_tool_used": {
				"swing": {},
				"damage": {
					"type": "durability",
					"amount": 1,
					"target": "self"
				}
			},
			"effect": {
				"sequence": [
					{
						"damage": {
							"type": "none",
							"amount": 1,
							"target": "self"
						}
					},
					{},
					{}
				]
			}
		}
	}
}