{
	"format_version": "1.16.100",
	"minecraft:item": {
		"description": {
			"identifier": "bridge:copper_pickaxe",
			"category": "equipment"
		},
		"components": {
			"minecraft:max_stack_size": 1,
			"minecraft:hand_equipped": true,
			"minecraft:durability": {
				"max_durability": 196,
				"damage_chance": {
					"min": 60,
					"max": 100
				}
			},
			"minecraft:mining_speed": 5,
			"minecraft:damage": 3,
			"minecraft:enchantable": {
				"value": 6,
				"slot": "pickaxe"
			},
			"minecraft:repairable": {
				"repair_items": [
					{
						"items": [
							"bridge:copper_pickaxe",
							"minecraft:copper_ingot"
						],
						"repair_amount": "query.max_durability"
					}
				]
			},
			"minecraft:digger": {
				"use_efficiency": true,
				"destroy_speeds": [
					{
						"block": {
							"tags": "q.any_tag('wood', 'stone_pick_diggable')"
						},
						"speed": 5,
						"on_dig": {
							"event": "dmg"
						}
					},
					{
						"block": "minecraft:ice",
						"speed": 5,
						"on_dig": {
							"event": "dmg"
						}
					},
					{
						"block": "minecraft:bone_block",
						"speed": 5,
						"on_dig": {
							"event": "dmg"
						}
					},
					{
						"block": "minecraft:tuff",
						"speed": 10,
						"on_dig": {
							"event": "dmg"
						}
					},
					{
						"block": "minecraft:hardened_clay",
						"speed": 10,
						"on_dig": {
							"event": "dmg"
						}
					},
					{
						"block": "minecraft:stained_hardened_clay",
						"speed": 10,
						"on_dig": {
							"event": "dmg"
						}
					},
					{
						"block": "minecraft:concrete",
						"speed": 10,
						"on_dig": {
							"event": "dmg"
						}
					},
					{
						"block": "minecraft:undyed_shulker_box",
						"speed": 5,
						"on_dig": {
							"event": "dmg"
						}
					},
					{
						"block": "minecraft:deepslate_lapis_ore",
						"speed": 5,
						"on_dig": {
							"event": "dmg"
						}
					},
					{
						"block": "minecraft:cracked_deepslate_bricks",
						"speed": 5,
						"on_dig": {
							"event": "dmg"
						}
					},
					{
						"block": "minecraft:polished_deepslate",
						"speed": 5,
						"on_dig": {
							"event": "dmg"
						}
					},
					{
						"block": "minecraft:deepslate_bricks",
						"speed": 5,
						"on_dig": {
							"event": "dmg"
						}
					},
					{
						"block": "minecraft:cracked_deepslate_tiles",
						"speed": 5,
						"on_dig": {
							"event": "dmg"
						}
					},
					{
						"block": "minecraft:deepslate_tiles",
						"speed": 5,
						"on_dig": {
							"event": "dmg"
						}
					},
					{
						"block": "minecraft:small_amethyst_bud",
						"speed": 5,
						"on_dig": {
							"event": "dmg"
						}
					},
					{
						"block": "minecraft:medium_amethyst_bud",
						"speed": 5,
						"on_dig": {
							"event": "dmg"
						}
					},
					{
						"block": "minecraft:large_amethyst_bud",
						"speed": 5,
						"on_dig": {
							"event": "dmg"
						}
					},
					{
						"block": "minecraft:amethyst_cluster",
						"speed": 5,
						"on_dig": {
							"event": "dmg"
						}
					},
					{
						"block": "minecraft:amethyst_block",
						"speed": 5,
						"on_dig": {
							"event": "dmg"
						}
					},
					{
						"block": "minecraft:copper_block",
						"speed": 5,
						"on_dig": {
							"event": "dmg"
						}
					},
					{
						"block": "minecraft:exposed_copper",
						"speed": 5,
						"on_dig": {
							"event": "dmg"
						}
					},
					{
						"block": "minecraft:weathered_copper",
						"speed": 5,
						"on_dig": {
							"event": "dmg"
						}
					},
					{
						"block": "minecraft:oxidized_copper",
						"speed": 5,
						"on_dig": {
							"event": "dmg"
						}
					},
					{
						"block": "minecraft:waxed_copper",
						"speed": 5,
						"on_dig": {
							"event": "dmg"
						}
					},
					{
						"block": "minecraft:waxed_exposed_copper",
						"speed": 5,
						"on_dig": {
							"event": "dmg"
						}
					},
					{
						"block": "minecraft:waxed_weathered_copper",
						"speed": 5,
						"on_dig": {
							"event": "dmg"
						}
					},
					{
						"block": "minecraft:waxed_oxidized_copper",
						"speed": 5,
						"on_dig": {
							"event": "dmg"
						}
					},
					{
						"block": "minecraft:cut_copper",
						"speed": 5,
						"on_dig": {
							"event": "dmg"
						}
					},
					{
						"block": "minecraft:exposed_cut_copper",
						"speed": 5,
						"on_dig": {
							"event": "dmg"
						}
					},
					{
						"block": "minecraft:weathered_cut_copper",
						"speed": 5,
						"on_dig": {
							"event": "dmg"
						}
					},
					{
						"block": "minecraft:oxidized_cut_copper",
						"speed": 5,
						"on_dig": {
							"event": "dmg"
						}
					},
					{
						"block": "minecraft:waxed_cut_copper",
						"speed": 5,
						"on_dig": {
							"event": "dmg"
						}
					},
					{
						"block": "minecraft:waxed_exposed_cut_copper",
						"speed": 5,
						"on_dig": {
							"event": "dmg"
						}
					},
					{
						"block": "minecraft:amethyst_cluster",
						"speed": 5,
						"on_dig": {
							"event": "dmg"
						}
					},
					{
						"block": "minecraft:waxed_weathered_cut_copper",
						"speed": 5,
						"on_dig": {
							"event": "dmg"
						}
					},
					{
						"block": "minecraft:waxed_oxidized_cut_copper",
						"speed": 5,
						"on_dig": {
							"event": "dmg"
						}
					},
					{
						"block": "minecraft:raw_copper_block",
						"speed": 5,
						"on_dig": {
							"event": "dmg"
						}
					},
					{
						"block": "minecraft:raw_gold_block",
						"speed": 5,
						"on_dig": {
							"event": "dmg"
						}
					},
					{
						"block": "minecraft:raw_iron_block",
						"speed": 5,
						"on_dig": {
							"event": "dmg"
						}
					},
					{
						"block": "minecraft:budding_amethyst",
						"speed": 5,
						"on_dig": {
							"event": "dmg"
						}
					},
					{
						"block": "minecraft:calcite",
						"speed": 5,
						"on_dig": {
							"event": "dmg"
						}
					},
					{
						"block": "minecraft:cobbled_deepslate",
						"speed": 5,
						"on_dig": {
							"event": "dmg"
						}
					},
					{
						"block": "minecraft:copper_ore",
						"speed": 5,
						"on_dig": {
							"event": "dmg"
						}
					},
					{
						"block": "minecraft:deepslate_copper_ore",
						"speed": 5,
						"on_dig": {
							"event": "dmg"
						}
					},
					{
						"block": "minecraft:double_cut_copper_slab",
						"speed": 5,
						"on_dig": {
							"event": "dmg"
						}
					},
					{
						"block": "minecraft:cut_copper_slab",
						"speed": 5,
						"on_dig": {
							"event": "dmg"
						}
					},
					{
						"block": "minecraft:exposed_double_cut_copper_slab",
						"speed": 5,
						"on_dig": {
							"event": "dmg"
						}
					},
					{
						"block": "minecraft:exposed_cut_copper_slab",
						"speed": 5,
						"on_dig": {
							"event": "dmg"
						}
					},
					{
						"block": "minecraft:weathered_double_cut_copper_slab",
						"speed": 5,
						"on_dig": {
							"event": "dmg"
						}
					},
					{
						"block": "minecraft:weathered_cut_copper_slab",
						"speed": 5,
						"on_dig": {
							"event": "dmg"
						}
					},
					{
						"block": "minecraft:oxidized_double_cut_copper_slab",
						"speed": 5,
						"on_dig": {
							"event": "dmg"
						}
					},
					{
						"block": "minecraft:waxed_cut_copper_slab",
						"speed": 5,
						"on_dig": {
							"event": "dmg"
						}
					},
					{
						"block": "minecraft:waxed_exposed_double_cut_copper_slab",
						"speed": 5,
						"on_dig": {
							"event": "dmg"
						}
					},
					{
						"block": "minecraft:waxed_exposed_cut_copper_slab",
						"speed": 5,
						"on_dig": {
							"event": "dmg"
						}
					},
					{
						"block": "minecraft:waxed_weathered_double_cut_copper_slab",
						"speed": 5,
						"on_dig": {
							"event": "dmg"
						}
					},
					{
						"block": "minecraft:waxed_weathered_cut_copper_slab",
						"speed": 5,
						"on_dig": {
							"event": "dmg"
						}
					},
					{
						"block": "minecraft:waxed_oxidized_double_cut_copper_slab",
						"speed": 5,
						"on_dig": {
							"event": "dmg"
						}
					},
					{
						"block": "minecraft:waxed_oxidized_cut_copper_slab",
						"speed": 5,
						"on_dig": {
							"event": "dmg"
						}
					},
					{
						"block": "minecraft:cobbled_deepslate_double_slab",
						"speed": 5,
						"on_dig": {
							"event": "dmg"
						}
					},
					{
						"block": "minecraft:cobbled_deepslate_slab",
						"speed": 5,
						"on_dig": {
							"event": "dmg"
						}
					},
					{
						"block": "minecraft:polished_deepslate_double_slab",
						"speed": 5,
						"on_dig": {
							"event": "dmg"
						}
					},
					{
						"block": "minecraft:polished_deepslate_slab",
						"speed": 5,
						"on_dig": {
							"event": "dmg"
						}
					},
					{
						"block": "minecraft:deepslate_brick_double_slab",
						"speed": 5,
						"on_dig": {
							"event": "dmg"
						}
					},
					{
						"block": "minecraft:deepslate_brick_slab",
						"speed": 5,
						"on_dig": {
							"event": "dmg"
						}
					},
					{
						"block": "minecraft:deepslate_tile_double_slab",
						"speed": 5,
						"on_dig": {
							"event": "dmg"
						}
					},
					{
						"block": "minecraft:deepslate_tile_slab",
						"speed": 5,
						"on_dig": {
							"event": "dmg"
						}
					},
					{
						"block": "minecraft:cut_copper_stairs",
						"speed": 5,
						"on_dig": {
							"event": "dmg"
						}
					},
					{
						"block": "minecraft:exposed_cut_copper_stairs",
						"speed": 5,
						"on_dig": {
							"event": "dmg"
						}
					},
					{
						"block": "minecraft:weathered_cut_copper_stairs",
						"speed": 5,
						"on_dig": {
							"event": "dmg"
						}
					},
					{
						"block": "minecraft:oxidized_cut_copper_stairs",
						"speed": 5,
						"on_dig": {
							"event": "dmg"
						}
					},
					{
						"block": "minecraft:waxed_cut_copper_stairs",
						"speed": 5,
						"on_dig": {
							"event": "dmg"
						}
					},
					{
						"block": "minecraft:waxed_exposed_cut_copper_stairs",
						"speed": 5,
						"on_dig": {
							"event": "dmg"
						}
					},
					{
						"block": "minecraft:smooth_basalt",
						"speed": 5,
						"on_dig": {
							"event": "dmg"
						}
					},
					{
						"block": "minecraft:pointed_dripstone",
						"speed": 5,
						"on_dig": {
							"event": "dmg"
						}
					},
					{
						"block": "minecraft:dripstone_block",
						"speed": 5,
						"on_dig": {
							"event": "dmg"
						}
					},
					{
						"block": "minecraft:cobbled_deepslate_double_slab",
						"speed": 5,
						"on_dig": {
							"event": "dmg"
						}
					},
					{
						"block": "minecraft:deepslate_gold_ore",
						"speed": 5,
						"on_dig": {
							"event": "dmg"
						}
					},
					{
						"block": "minecraft:deepslate_iron_ore",
						"speed": 5,
						"on_dig": {
							"event": "dmg"
						}
					},
					{
						"block": "minecraft:deepslate_diamond_ore",
						"speed": 0,
						"on_dig": {
							"event": "dmg"
						}
					},
					{
						"block": "minecraft:deepslate_coal_ore",
						"speed": 5,
						"on_dig": {
							"event": "dmg"
						}
					},
					{
						"block": "minecraft:deepslate_emerald_ore",
						"speed": 0,
						"on_dig": {
							"event": "dmg"
						}
					},
					{
						"block": "minecraft:deepslate",
						"speed": 5,
						"on_dig": {
							"event": "dmg"
						}
					},
					{
						"block": "minecraft:deepslate_tile_stairs",
						"speed": 5,
						"on_dig": {
							"event": "dmg"
						}
					},
					{
						"block": "minecraft:deepslate_brick_stairs",
						"speed": 5,
						"on_dig": {
							"event": "dmg"
						}
					},
					{
						"block": "minecraft:exposed_cut_copper_stairs",
						"speed": 5,
						"on_dig": {
							"event": "dmg"
						}
					},
					{
						"block": "minecraft:polished_deepslate_stairs",
						"speed": 5,
						"on_dig": {
							"event": "dmg"
						}
					},
					{
						"block": "minecraft:cobbled_deepslate_stairs",
						"speed": 5,
						"on_dig": {
							"event": "dmg"
						}
					},
					{
						"block": "minecraft:waxed_oxidized_cut_copper_stairs",
						"speed": 5,
						"on_dig": {
							"event": "dmg"
						}
					},
					{
						"block": "minecraft:waxed_weathered_cut_copper_stairs",
						"speed": 5,
						"on_dig": {
							"event": "dmg"
						}
					},
					{
						"block": "minecraft:stonecutter_block",
						"speed": 5,
						"on_dig": {
							"event": "dmg"
						}
					},
					{
						"block": "minecraft:dispenser",
						"speed": 5,
						"on_dig": {
							"event": "dmg"
						}
					},
					{
						"block": "minecraft:deropper",
						"speed": 5,
						"on_dig": {
							"event": "dmg"
						}
					},
					{
						"block": "minecraft:piston",
						"speed": 5,
						"on_dig": {
							"event": "dmg"
						}
					},
					{
						"block": "minecraft:shulker_box",
						"speed": 5,
						"on_dig": {
							"event": "dmg"
						}
					},
					{
						"block": "minecraft:prismarine",
						"speed": 5,
						"on_dig": {
							"event": "dmg"
						}
					},
					{
						"block": "minecraft:double_stone_slab2",
						"speed": 5,
						"on_dig": {
							"event": "dmg"
						}
					},
					{
						"block": "minecraft:stone_slab4",
						"speed": 5,
						"on_dig": {
							"event": "dmg"
						}
					},
					{
						"block": "minecraft:prismarine_bricks_stairs",
						"speed": 5,
						"on_dig": {
							"event": "dmg"
						}
					},
					{
						"block": "minecraft:prismarine_stairs",
						"speed": 5,
						"on_dig": {
							"event": "dmg"
						}
					},
					{
						"block": "minecraft:dark_prismarine_stairs",
						"speed": 5,
						"on_dig": {
							"event": "dmg"
						}
					},
					{
						"block": "minecraft:mob_spawner",
						"speed": 5,
						"on_dig": {
							"event": "dmg"
						}
					},
					{
						"block": "minecraft:anvil",
						"speed": 5,
						"on_dig": {
							"event": "dmg"
						}
					},
					{
						"block": "minecraft:iron_trapdoor",
						"speed": 5,
						"on_dig": {
							"event": "dmg"
						}
					},
					{
						"block": "minecraft:nether_brick_fence",
						"speed": 5,
						"on_dig": {
							"event": "dmg"
						}
					},
					{
						"block": "minecraft:crying_obsidian",
						"speed": 5,
						"on_dig": {
							"event": "dmg"
						}
					},
					{
						"block": "minecraft:magma",
						"speed": 5,
						"on_dig": {
							"event": "dmg"
						}
					},
					{
						"block": "minecraft:smoker",
						"speed": 5,
						"on_dig": {
							"event": "dmg"
						}
					},
					{
						"block": "minecraft:lit_smoker",
						"speed": 5,
						"on_dig": {
							"event": "dmg"
						}
					},
					{
						"block": "minecraft:hopper",
						"speed": 5,
						"on_dig": {
							"event": "dmg"
						}
					},
					{
						"block": "minecraft:redstone_block",
						"speed": 5,
						"on_dig": {
							"event": "dmg"
						}
					},
					{
						"block": "minecraft:netherite_block",
						"speed": 5,
						"on_dig": {
							"event": "dmg"
						}
					},
					{
						"block": "minecraft:sandstone",
						"speed": 5,
						"on_dig": {
							"event": "dmg"
						}
					},
					{
						"block": "minecraft:hardened_clay",
						"speed": 5,
						"on_dig": {
							"event": "dmg"
						}
					},
					{
						"block": "minecraft:stained_hardened_clay",
						"speed": 5,
						"on_dig": {
							"event": "dmg"
						}
					},
					{
						"block": "minecraft:diamond_block",
						"speed": 5,
						"on_dig": {
							"event": "dmg"
						}
					},
					{
						"block": "minecraft:lapis_block",
						"speed": 5,
						"on_dig": {
							"event": "dmg"
						}
					},
					{
						"block": "minecraft:emerald_block",
						"speed": 5,
						"on_dig": {
							"event": "dmg"
						}
					},
					{
						"block": "minecraft:ancient_debris",
						"speed": 0,
						"on_dig": {
							"event": "dmg"
						}
					},
					{
						"block": "minecraft:cracked_polished_blackstone_bricks",
						"speed": 5,
						"on_dig": {
							"event": "dmg"
						}
					},
					{
						"block": "minecraft:nether_brick",
						"speed": 5,
						"on_dig": {
							"event": "dmg"
						}
					},
					{
						"block": "minecraft:cracked_nether_bricks",
						"speed": 5,
						"on_dig": {
							"event": "dmg"
						}
					},
					{
						"block": "minecraft:quartz_ore",
						"speed": 3,
						"on_dig": {
							"event": "dmg"
						}
					},
					{
						"block": "minecraft:netherrack",
						"speed": 5,
						"on_dig": {
							"event": "dmg"
						}
					},
					{
						"block": "minecraft:basalt",
						"speed": 5,
						"on_dig": {
							"event": "dmg"
						}
					},
					{
						"block": "minecraft:end_bricks",
						"speed": 5,
						"on_dig": {
							"event": "dmg"
						}
					},
					{
						"block": "minecraft:purpur_block",
						"speed": 5,
						"on_dig": {
							"event": "dmg"
						}
					},
					{
						"block": "minecraft:purpur_stairs",
						"speed": 5,
						"on_dig": {
							"event": "dmg"
						}
					},
					{
						"block": "minecraft:end_brick_stairs",
						"speed": 5,
						"on_dig": {
							"event": "dmg"
						}
					},
					{
						"block": "minecraft:stone_slab2",
						"speed": 5,
						"on_dig": {
							"event": "dmg"
						}
					},
					{
						"block": "minecraft:stone_slab3",
						"speed": 5,
						"on_dig": {
							"event": "dmg"
						}
					},
					{
						"block": "minecraft:polished_basalt",
						"speed": 5,
						"on_dig": {
							"event": "dmg"
						}
					},
					{
						"block": "minecraft:warped_nylium",
						"speed": 5,
						"on_dig": {
							"event": "dmg"
						}
					},
					{
						"block": "minecraft:crimson_nylium",
						"speed": 5,
						"on_dig": {
							"event": "dmg"
						}
					},
					{
						"block": "minecraft:end_stone",
						"speed": 5,
						"on_dig": {
							"event": "dmg"
						}
					},
					{
						"block": "minecraft:ender_chest",
						"speed": 5,
						"on_dig": {
							"event": "dmg"
						}
					},
					{
						"block": "minecraft:quartz_block",
						"speed": 5,
						"on_dig": {
							"event": "dmg"
						}
					},
					{
						"block": "minecraft:quartz_stairs",
						"speed": 5,
						"on_dig": {
							"event": "dmg"
						}
					},
					{
						"block": "minecraft:quartz_bricks",
						"speed": 5,
						"on_dig": {
							"event": "dmg"
						}
					},
					{
						"block": "minecraft:quartz_stairs",
						"speed": 5,
						"on_dig": {
							"event": "dmg"
						}
					},
					{
						"block": "minecraft:nether_gold_ore",
						"speed": 5,
						"on_dig": {
							"event": "dmg"
						}
					},
					{
						"block": "minecraft:blackstone",
						"speed": 5,
						"on_dig": {
							"event": "dmg"
						}
					},
					{
						"block": "minecraft:furnace",
						"speed": 5,
						"on_dig": {
							"event": "dmg"
						}
					},
					{
						"block": "minecraft:blast_furnace",
						"speed": 5,
						"on_dig": {
							"event": "dmg"
						}
					},
					{
						"block": "minecraft:lit_furnace",
						"speed": 5,
						"on_dig": {
							"event": "dmg"
						}
					},
					{
						"block": "minecraft:blast_furnace",
						"speed": 5,
						"on_dig": {
							"event": "dmg"
						}
					},
					{
						"block": "minecraft:chain",
						"speed": 5,
						"on_dig": {
							"event": "dmg"
						}
					},
					{
						"block": "minecraft:lantern",
						"speed": 5,
						"on_dig": {
							"event": "dmg"
						}
					},
					{
						"block": "minecraft:soul_lantern",
						"speed": 5,
						"on_dig": {
							"event": "dmg"
						}
					},
					{
						"block": "minecraft:grindstone",
						"speed": 5,
						"on_dig": {
							"event": "dmg"
						}
					},
					{
						"block": "minecraft:brewing_stand",
						"speed": 5,
						"on_dig": {
							"event": "dmg"
						}
					},
					{
						"block": "minecraft:smooth_stone",
						"speed": 5,
						"on_dig": {
							"event": "dmg"
						}
					},
					{
						"block": "minecraft:stonebrick",
						"speed": 5,
						"on_dig": {
							"event": "dmg"
						}
					},
					{
						"block": "minecraft:enchanting_table",
						"speed": 5,
						"on_dig": {
							"event": "dmg"
						}
					},
					{
						"block": "minecraft:stone_brick_stairs",
						"speed": 5,
						"on_dig": {
							"event": "dmg"
						}
					},
					{
						"block": "minecraft:mossy_stone_brick_stairs",
						"speed": 5,
						"on_dig": {
							"event": "dmg"
						}
					},
					{
						"block": "minecraft:polished_blackstone_bricks",
						"speed": 5,
						"on_dig": {
							"event": "dmg"
						}
					},
					{
						"block": "minecraft:polished_blackstone_stairs",
						"speed": 5,
						"on_dig": {
							"event": "dmg"
						}
					},
					{
						"block": "minecraft:blackstone_wall",
						"speed": 5,
						"on_dig": {
							"event": "dmg"
						}
					},
					{
						"block": "minecraft:blackstone_wall",
						"speed": 5,
						"on_dig": {
							"event": "dmg"
						}
					},
					{
						"block": "minecraft:polished_blackstone_wall",
						"speed": 5,
						"on_dig": {
							"event": "dmg"
						}
					},
					{
						"block": "minecraft:diamond_ore",
						"speed": 0.1,
						"on_dig": {
							"event": "dmg"
						}
					},
					{
						"block": "minecraft:obsidian",
						"speed": 0.2,
						"on_dig": {
							"event": "dmg"
						}
					},
					{
						"block": "minecraft:emerald_ore",
						"speed": 0.1,
						"on_dig": {
							"event": "dmg"
						}
					},
					{
						"block": "minecraft:lapis_ore",
						"speed": 4,
						"on_dig": {
							"event": "dmg"
						}
					},
					{
						"block": "minecraft:redstone_ore",
						"speed": 0.2,
						"on_dig": {
							"event": "dmg"
						}
					},
					{
						"block": "minecraft:coal_ore",
						"speed": 5,
						"on_dig": {
							"event": "dmg"
						}
					},
					{
						"block": "minecraft:iron_ore",
						"speed": 5,
						"on_dig": {
							"event": "dmg"
						}
					},
					{
						"block": "minecraft:gold_ore",
						"speed": 4,
						"on_dig": {
							"event": "dmg"
						}
					}
				],
				"on_dig": {
					"event": "dmg"
				}
			},
			"minecraft:icon": {
				"texture": "bridge_copper_pickaxe"
			},
			"minecraft:display_name": {
				"value": "Copper Pickaxe"
			},
			"minecraft:weapon": {
				"on_hurt_entity": {
					"event": "dmg"
				},
				"on_not_hurt_entity": {
					"event": "dmg"
				},
				"on_hit_block": {
					"event": "dmg"
				}
			},
			"minecraft:creative_category": {
				"parent": "itemGroup.name.pickaxe"
			}
		},
		"events": {
			"dmg": {
				"damage": {
					"type": "none",
					"amount": 1,
					"target": "self"
				}
			}
		}
	}
}