{
	"format_version": "1.16.100",
	"minecraft:item": {
		"description": {
			"identifier": "bridge:copper_chestplate",
			"category": "equipment"
		},
		"components": {
			"minecraft:max_stack_size": 1,
			"minecraft:enchantable": {
				"value": 10,
				"slot": "armor_torso"
			},
			"minecraft:repairable": {
				"repair_items": [
					{
						"items": [
							"bridge:copper_chestplate",
							"minecraft:copper_ingot"
						],
						"repair_amount": "query.max_durability"
					}
				]
			},
			"minecraft:durability": {
				"max_durability": 187,
				"damage_chance": {
					"min": 60,
					"max": 100
				},
				"repair_items": {}
			},
			"minecraft:armor": {
				"protection": 4
			},
			"minecraft:icon": {
				"texture": "bridge_copper_chestplate"
			},
			"minecraft:wearable": {
				"slot": "slot.armor.chest"
			},
			"minecraft:creative_category": {
				"parent": "itemGroup.name.chestplate"
			},
			"minecraft:display_name": {
				"value": "Copper Chestplate"
			}
		},
		"events": {}
	}
}