{
	"format_version": "1.12.0",
	"minecraft:geometry": [
		{
			"description": {
				"identifier": "geometry.Factorial",
				"texture_width": 32,
				"texture_height": 32,
				"visible_bounds_width": 2,
				"visible_bounds_height": 2.5,
				"visible_bounds_offset": [0, 0.75, 0]
			},
			"bones": [
				{
					"name": "Body",
					"pivot": [0, 0, 0],
					"cubes": [
						{"origin": [-2, 6, -2], "size": [4, 16, 4], "uv": [0, 0]}
					]
				},
				{
					"name": "Base",
					"parent": "Body",
					"pivot": [0, 0, 0],
					"cubes": [
						{"origin": [-2, 0, -2], "size": [4, 4, 4], "uv": [16, 0]}
					]
				}
			]
		}
	]
}