{
	"format_version": "1.13.0",
	"minecraft:feature_rules": {
		"description": {
			"identifier": "wiki:overworld_bunker_feature",
			"places_feature": "wiki:bunker_feature"
		},
		"conditions": {
			"placement_pass": "first_pass",
			"minecraft:biome_filter": {
				"test": "has_biome_tag",
				"operator": "==",
				"value": "overworld"
			}
		},
		"distribution": {
			"iterations": 1,
			"x": {
				"extent": [0, 16],
				"distribution": "uniform"
			},
			"y": {
				"extent": [
					11,
					50 //Makes the structure generate between y11 and y50
				],
				"distribution": "uniform"
			},
			"z": {
				"extent": [0, 16],
				"distribution": "uniform"
			},
			"scatter_chance": {
				"numerator": 1,
				"denominator": 15
			}
		}
	}
}
