{
  "format_version": "1.12",
  "minecraft:recipe_shaped": {
    "description": {
    "identifier": "minecraft:iron_pickaxe"
    },

    
    "tags": [ "crafting_table" ],
    "pattern": [
      " EXE ",
      " X#X ",
      " EXE "
    ],
    "key": {
      "#": {
        "item": "demo:toenail"
      },
      "X": {
        "item": "minecraft:iron_ingot"
      },
      "X": {
        "item": "minecraft:coal"
      }
    },
    "result": {
      "item": "demo:hardened_steel"
    }
  }
}