{
    "pools": [
        {
            "rolls": {
                "min": 1,
                "max": 10
            },
            "entries": [
                {
                    "type": "item",
                    "name": "minecraft:diamond",
                    "weight": 1
                },
                {
                    "type": "item",
                    "name": "minecraft:netherite_ingot",
                    "weight": 7
                },
                {
                    "type": "item",
                    "name": "minecraft:dirt",
                    "weight": 120
                }
            ]
        }
    ]
}